destination,source
images/1.svg,download (1).jpg
images/2.svg,images.jpg
images/3.svg,images (4).jpg
images/alumni_m.jpg,images.jpg
images/alumni.jpg,download (1).jpg
images/aops-academy.svg,images.jpg
images/aops-ba.svg,images.jpg
images/aops-logo-dev.svg,download (3).jpg
images/aops-logo.png,download (1).jpg
images/aops-logo.svg,images (5).jpg
images/aops-modal-help-sprite.png,images.jpg
images/aops-online-footer.svg,download (3).jpg
images/aops-online-mobile.svg,download (3).jpg
images/aops-online.svg,download.jpg
images/bellevue.png,images (5).jpg
images/bg-hive.svg,images (5).jpg
images/bronze.svg,download (1).jpg
images/fa-chevron-right.svg,images (1).jpg
images/facebook.svg,download (4).jpg
images/frisco.png,download (3).jpg
images/gold.svg,download (3).jpg
images/hamburger.svg,download (1).jpg
images/hero-circle.svg,images (3).jpg
images/hero-galaxy-curve-dt.png,download (1).jpg
images/hero-galaxy-curve.png,images (4).jpg
images/icon-academy.svg,images (4).jpg
images/icon-ba.svg,download (1).jpg
images/icon-online.svg,download.jpg
images/icon-search.svg,download (3).jpg
images/IMO-2024-full-team-mobile.jpg,download (4).jpg
images/IMO-2024-full-team.jpg,images (3).jpg
images/member0.png,images (1).jpg
images/member1.png,download (3).jpg
images/member2.png,images (4).jpg
images/member3.png,download (2).jpg
images/member4.png,images (1).jpg
images/member5.png,images (2).jpg
images/online-android-chrome-192x192.png,images (5).jpg
images/online-apple-touch-icon.png,download (4).jpg
images/online-favicon.ico,download (1).jpg
images/pattern-aops.png,images (2).jpg
images/pattern-online-gray.png,images (5).jpg
images/pinterest.svg,download (3).jpg
images/princeton.png,images (1).jpg
images/sandiego-cv.png,images (4).jpg
images/santaclara.png,images.jpg
images/silver.svg,images (4).jpg
images/sp-atlantic.svg,images (2).jpg
images/sp-forbes.svg,images (4).jpg
images/sp-newyorker.svg,images.jpg
images/sp-quanta.svg,download (3).jpg
images/sp-wired.svg,images.jpg
images/subscribe_blob.svg,images (2).jpg
images/twitter.svg,images (1).jpg
images/wasc.png,images (4).jpg
